t,d,v,a,slope
0.000000000000000000e+00,0.000000000000000000e+00,0.000000000000000000e+00,3.979857050032488686e-01,-1.133724192852810777e-03
2.000000000000000000e+00,1.591942820012995474e+00,7.959714100064977371e-01,3.979857050032488686e-01,-2.884509163774767997e-03
4.000000000000000000e+00,4.775828460038986201e+00,1.591942820012995474e+00,3.979857050032488130e-01,-3.764596027895831740e-03
6.000000000000000000e+00,9.551656920077972401e+00,2.387914230019493100e+00,3.979857050032488686e-01,-5.299709785649505843e-04
8.000000000000000000e+00,1.591942820012995341e+01,3.183885640025990948e+00,3.979857050032489241e-01,-6.573857109732729638e-03
1.000000000000000000e+01,2.387914230019493189e+01,3.979857050032488797e+00,3.979857050032488130e-01,-3.455636147167288549e-03
1.200000000000000000e+01,3.343079922027290252e+01,4.775828460038986201e+00,3.979857050032488130e-01,-8.323879472091668882e-03
1.400000000000000000e+01,4.457439896036387239e+01,5.571799870045484049e+00,3.979857050032489241e-01,-7.201454419632397769e-03
1.600000000000000000e+01,5.730994152046783796e+01,6.367771280051981897e+00,3.979857050032489241e-01,-7.624642285629423810e-03
1.800000000000000000e+01,7.163742690058479923e+01,7.163742690058479745e+00,1.989928525016244620e-01,-6.556798441646568242e-03
2.000000000000000000e+01,8.596491228070175339e+01,7.163742690058479745e+00,1.790935672514617494e-01,-6.463740118005612163e-03
2.200000000000000000e+01,1.017251461988304015e+02,7.880116959064326743e+00,3.581871345029237208e-01,-5.724505549819611239e-03
2.400000000000000000e+01,1.189181286549707579e+02,8.596491228070174628e+00,3.581871345029241649e-01,-5.930829464615452323e-03
2.600000000000000000e+01,1.375438596491227941e+02,9.312865497076023402e+00,3.581871345029239428e-01,-5.667561190514647240e-03
2.800000000000000000e+01,1.576023391812865384e+02,1.002923976608187040e+01,3.581871345029239428e-01,-3.482030990258566227e-03
3.000000000000000000e+01,1.790935672514619910e+02,1.074561403508771917e+01,3.581871345029243869e-01,-4.939105193739599942e-03
3.200000000000000000e+01,2.020175438596491233e+02,1.146198830409356795e+01,3.581871345029243869e-01,-9.330804460162009026e-03
3.400000000000000000e+01,2.263742690058479639e+02,1.217836257309941672e+01,3.581871345029239428e-01,-9.791530939095247424e-03
3.600000000000000000e+01,2.521637426900584842e+02,1.289473684210526372e+01,3.581871345029234988e-01,-5.737187747549732549e-03
3.800000000000000000e+01,2.793859649122807127e+02,1.361111111111111072e+01,3.581871345029234988e-01,-2.785671098198265472e-03
4.000000000000000000e+01,3.080409356725146495e+02,1.432748538011695771e+01,3.581871345029239428e-01,-1.929168302227860995e-03
4.200000000000000000e+01,3.381286549707602376e+02,1.504385964912280649e+01,3.581871345029243869e-01,-3.820399770251697857e-04
4.400000000000000000e+01,3.696491228070175339e+02,1.576023391812865526e+01,3.581871345029239428e-01,1.948158416050670659e-03
4.600000000000000000e+01,4.026023391812865384e+02,1.647660818713450226e+01,3.581871345029234988e-01,-3.228259483022227067e-03
4.800000000000000000e+01,4.369883040935672511e+02,1.719298245614034926e+01,3.581871345029234988e-01,-2.199617414744393842e-03
5.000000000000000000e+01,4.728070175438596152e+02,1.790935672514619625e+01,3.581871345029243869e-01,-5.461946235297436558e-03
5.200000000000000000e+01,5.100584795321636875e+02,1.862573099415204680e+01,3.581871345029243869e-01,-3.028638667942834886e-03
5.400000000000000000e+01,5.487426900584795249e+02,1.934210526315789380e+01,3.581871345029243869e-01,-3.838831892047436366e-03
5.600000000000000000e+01,5.888596491228070136e+02,2.005847953216374435e+01,3.581871345029243869e-01,-2.904541320112552418e-03
5.800000000000000000e+01,6.304093567251461536e+02,2.077485380116959135e+01,3.581871345029226106e-01,5.795429989597711203e-05
6.000000000000000000e+01,6.733918128654970587e+02,2.149122807017543479e+01,3.581871345029234988e-01,1.697931508795071575e-03
6.200000000000000000e+01,7.178070175438596152e+02,2.220760233918128534e+01,3.581871345029243869e-01,9.670757076295860566e-03
6.400000000000000000e+01,7.636549707602339367e+02,2.292397660818713234e+01,3.581871345029243869e-01,1.280838542274725760e-02
6.600000000000000000e+01,8.109356725146199096e+02,2.364035087719298289e+01,3.581871345029243869e-01,1.387253422432875062e-02
6.800000000000000000e+01,8.596491228070175339e+02,2.435672514619882989e+01,3.581871345029243869e-01,1.178106967667532853e-02
7.000000000000000000e+01,9.097953216374269232e+02,2.507309941520468044e+01,3.581871345029243869e-01,1.014373649080269058e-02
7.200000000000000000e+01,9.613742690058479639e+02,2.578947368421052744e+01,-1.038742690058479745e+00,6.846889421456885116e-03
7.400000000000000000e+01,1.003210526315789480e+03,2.091812865497076146e+01,-2.181301364141706500e+00,7.041061133165590902e-03
7.600000000000000000e+01,1.037339062771076897e+03,1.706426822764370144e+01,-1.842548349811445441e+00,6.689107207446841515e-03
7.800000000000000000e+01,1.064434933282526799e+03,1.354793525572497970e+01,-1.701752052474891030e+00,9.949108905172724879e-03
8.000000000000000000e+01,1.084949453318015003e+03,1.025726001774413731e+01,-1.603400192749381725e+00,9.475098873819387882e-03
8.200000000000000000e+01,1.099218122287469896e+03,7.134334484727452796e+00,-1.318471211286986744e-01,1.232277130327914111e-02
8.400000000000000000e+01,1.118677865353928610e+03,9.729871533229342617e+00,1.069511493349435627e+00,1.171944720553573342e-02
8.600000000000000000e+01,1.141502626270179007e+03,1.141238045812519530e+01,7.780070029395220743e-01,1.027290054675269668e-02
8.800000000000000000e+01,1.167186425360153862e+03,1.284189954498743091e+01,6.755370660116404302e-01,9.852066525483212101e-03
9.000000000000000000e+01,1.195415482804497287e+03,1.411452872217175702e+01,6.083471582245509879e-01,1.014113259964443368e-02
9.200000000000000000e+01,1.225966059160268514e+03,1.527528817788563487e+01,5.589665257112987895e-01,1.258383534639774363e-02
9.400000000000000000e+01,1.258666848810302326e+03,1.635039482501695218e+01,5.204104632454189527e-01,9.848855063928843231e-03
9.600000000000000000e+01,1.293380708872036848e+03,1.735693003086731068e+01,4.891107648474033454e-01,7.086597036932970606e-03
9.800000000000000000e+01,1.329994384640850058e+03,1.830683788440656556e+01,4.629905149371396078e-01,1.102249212218028851e-02
1.000000000000000000e+02,1.368412168822081867e+03,1.920889209061586911e+01,4.407350077018001855e-01,1.149961896437666845e-02
1.020000000000000000e+02,1.408551724652509392e+03,2.006977791521376631e+01,4.214610424743323591e-01,1.488848204864856931e-02
1.040000000000000000e+02,1.450341197173535875e+03,2.089473626051319854e+01,4.045481454237149777e-01,1.344211635111655471e-02
1.060000000000000000e+02,1.493717138167353141e+03,2.168797049690862622e+01,3.895448432283350471e-01,1.079835131225560796e-02
1.080000000000000000e+02,1.538622969434206198e+03,2.245291563342653873e+01,3.761131738079983577e-01,1.048893339056778014e-02
1.100000000000000000e+02,1.585007815818487416e+03,2.319242319214061965e+01,3.639941330476554882e-01,1.057148576724473155e-02
1.120000000000000000e+02,1.632825600149721822e+03,2.390889216561716069e+01,3.529852573869209920e-01,1.126889529780885496e-02
1.140000000000000000e+02,1.682034328593098508e+03,2.460436422168830362e+01,3.429255756650535503e-01,1.661752794756799975e-02
1.160000000000000000e+02,1.732595517529653307e+03,2.528059446827737489e+01,3.336852122976816659e-01,1.674295820476271943e-02
1.180000000000000000e+02,1.784473727671411325e+03,2.593910507087903028e+01,2.887400329135605404e-01,1.621276094677933169e-02
1.200000000000000000e+02,1.837344836871274538e+03,2.643555459993161705e+01,2.382166026915983892e-01,1.655019157007717179e-02
1.220000000000000000e+02,1.891128779834565421e+03,2.689197148164542384e+01,1.306273132362880673e-01,1.564612922218791558e-02
1.240000000000000000e+02,1.945044907540318945e+03,2.695806385287676932e+01,4.167152103068438862e-02,1.350439854172649778e-02
1.260000000000000000e+02,1.999162222671855261e+03,2.705865756576816139e+01,5.089700422159548765e-02,1.485909458240367367e-02
1.280000000000000000e+02,2.053485526411381670e+03,2.716165186976315127e+01,-2.321565184608687105e-03,9.754267798070943157e-03
1.300000000000000000e+02,2.107584269021441287e+03,2.704937130502972664e+01,-6.316701547548309037e-02,1.050848013812775289e-02
1.320000000000000000e+02,2.161402236637163696e+03,2.690898380786121891e+01,-1.154762120462038411e-02,6.262037933779041748e-03
1.340000000000000000e+02,2.215408598277586407e+03,2.700318082021124511e+01,3.051349989723739498e-02,5.161136580692900211e-03
1.360000000000000000e+02,2.269470673892486957e+03,2.703103780745016849e+01,-4.449820958603112331e-02,5.041362351303071455e-03
1.380000000000000000e+02,2.323121049856221362e+03,2.682518798186712061e+01,9.280891474777064332e-03,4.752404205024931931e-03
1.400000000000000000e+02,2.377257372602919986e+03,2.706816137334927674e+01,6.008385368517021874e-02,3.805944049688645033e-03
1.420000000000000000e+02,2.431388419396135760e+03,2.706552339660780149e+01,2.727620186900114874e-02,2.119241160623518399e-03
1.440000000000000000e+02,2.485742951757786159e+03,2.717726618082528134e+01,2.793322807431053434e-03,3.767086117380618032e-03
1.460000000000000000e+02,2.539896345133461182e+03,2.707669668783752570e+01,4.524282277800484309e-02,-3.036397127222409398e-03
1.480000000000000000e+02,2.594612820077335982e+03,2.735823747193730071e+01,7.051028349320187516e-02,2.921077373789388552e-03
1.500000000000000000e+02,2.649330295720956656e+03,2.735873782181033320e+01,3.540536773755320610e-03,5.750078078352222760e-03
1.520000000000000000e+02,2.704075094959021499e+03,2.737239961903232199e+01,-5.771980844242463604e-04,6.270394507375123133e-03
1.540000000000000000e+02,2.758787953017966629e+03,2.735642902947263622e+01,1.453301288076147557e-02,5.012887622887571976e-03
1.560000000000000000e+02,2.813649016359077450e+03,2.743053167055536790e+01,-1.914227819543246056e-02,3.146195379337336784e-03
1.580000000000000000e+02,2.868208736192459128e+03,2.727985991669090637e+01,-6.733381216145950532e-02,5.860504188694229399e-03
1.600000000000000000e+02,2.922531129036278344e+03,2.716119642190952987e+01,1.591497576735712016e-03,2.666391012135522890e-04
1.620000000000000000e+02,2.977103580850273829e+03,2.728622590699784922e+01,3.399876291223868918e-02,1.912674871762766200e-03
1.640000000000000000e+02,3.031697963797390912e+03,2.729719147355848463e+01,-3.188279886796596685e-02,3.245986599095290054e-03
1.660000000000000000e+02,3.086015353220443103e+03,2.715869471152598535e+01,-7.934217534557852503e-02,4.820455823484975921e-03
1.680000000000000000e+02,3.139974998764795600e+03,2.697982277217617053e+01,-9.324407804352485840e-02,1.962724367867338480e-03
1.700000000000000000e+02,3.193546435563499472e+03,2.678571839935188592e+01,-7.940012501110338405e-02,2.194137749690761811e-03
1.720000000000000000e+02,3.246870880107762787e+03,2.666222227213175699e+01,-4.368078632176697340e-03,3.688388097642164229e-03
1.740000000000000000e+02,3.300407372277409195e+03,2.676824608482317913e+01,7.877186735275998331e-02,2.873850343148664599e-04
1.760000000000000000e+02,3.354361991760494675e+03,2.697730974154279693e+01,7.891521274427759636e-02,3.676269897968762628e-04
1.780000000000000000e+02,3.408529805632095304e+03,2.708390693580028952e+01,1.056193063426142942e-01,-5.822240785873167767e-04
1.800000000000000000e+02,3.463329379565921954e+03,2.739978696691325410e+01,1.045253085200101850e-01,-1.668854181114308227e-03
1.820000000000000000e+02,3.518333395905682664e+03,2.750200816988033026e+01,-6.138701833937609820e-03,4.129820754007542684e-04
1.840000000000000000e+02,3.573083860224837736e+03,2.737523215957750367e+01,-8.209082033141790191e-02,1.256254276788601855e-03
1.860000000000000000e+02,3.627431150001947117e+03,2.717364488855465865e+01,-5.054148850149431382e-03,3.071121468089372392e-03
1.880000000000000000e+02,3.682141181130300993e+03,2.735501556417690594e+01,8.481392912092022840e-02,4.587956528757339801e-03
1.900000000000000000e+02,3.737166982340377672e+03,2.751290060503833956e+01,-2.474170421325450064e-02,7.240031217056449274e-03
1.920000000000000000e+02,3.791679079835025277e+03,2.725604874732388794e+01,-7.283998526556167974e-02,5.099032933575215268e-03
1.940000000000000000e+02,3.846122161162977591e+03,2.722154066397609284e+01,3.189825269113200079e-02,5.951210517096350294e-03
1.960000000000000000e+02,3.900889444679154622e+03,2.738364175808841594e+01,7.438104125387923204e-04,3.474184682484660319e-03
1.980000000000000000e+02,3.955338476490407174e+03,2.722451590562624801e+01,-1.493606243847471760e-01,-8.098732813256412930e-04
2.000000000000000000e+02,4.008910875011506050e+03,2.678619926054942724e+01,-1.361038592768792910e-02,-4.996793283920101430e-04
2.020000000000000000e+02,4.063251023735337185e+03,2.717007436191549630e+01,1.322935652589798394e-01,2.868869649295500632e-03
2.040000000000000000e+02,4.117881770778508326e+03,2.731537352158534659e+01,1.503389511710828685e-02,4.483097718001263928e-04
2.060000000000000000e+02,4.172342190663276597e+03,2.723020994238392944e+01,-3.585048325452522278e-02,4.477725705352242867e-03
2.080000000000000000e+02,4.226686133840411458e+03,2.717197158856724570e+01,2.486955330788553908e-02,9.529337905194249989e-03
2.100000000000000000e+02,4.281345510151641975e+03,2.732968815561547160e+01,1.880127515129892402e-03,1.020018111241983126e-02
2.120000000000000000e+02,4.335704494348897242e+03,2.717949209862776527e+01,-5.024650639187910883e-02,9.812591263165436339e-03
2.140000000000000000e+02,4.389961898608993579e+03,2.712870213004795517e+01,3.765416610898331129e-02,1.843531662382765640e-02
2.160000000000000000e+02,4.444622116135121360e+03,2.733010876306369852e+01,5.758966290695788359e-02,1.642546300607227588e-02
2.180000000000000000e+02,4.499340237698473175e+03,2.735906078167578670e+01,1.891357086393341547e-02,1.438083847854672130e-02
2.200000000000000000e+02,4.554151763791512167e+03,2.740576304651943218e+01,-2.860980199575813288e-03,1.532942475058907995e-02
2.220000000000000000e+02,4.608846997513267524e+03,2.734761686087748345e+01,-4.176967204327741712e-02,2.054692975649817163e-02
2.240000000000000000e+02,4.663324366229960106e+03,2.723868435834632251e+01,-1.033534880431208336e-02,1.906558002121893150e-02
2.260000000000000000e+02,4.717936917161280689e+03,2.730627546566023511e+01,1.178194974533486317e-02,2.293553328932483940e-02
2.280000000000000000e+02,4.772508541475935999e+03,2.728581215732766196e+01,2.643889136580757082e-02,2.133492064356853207e-02
2.300000000000000000e+02,4.827332603538183321e+03,2.741203103112346540e+01,5.771201401583070378e-02,2.165722818153353532e-02
2.320000000000000000e+02,4.882365923964965077e+03,2.751666021339098478e+01,4.500557139838079479e-02,1.960426844706070204e-02
2.340000000000000000e+02,4.937550030598398735e+03,2.759205331671698858e+01,-2.154272498896592225e-02,1.701409840135793133e-02
2.360000000000000000e+02,4.992411009225268572e+03,2.743048931343512109e+01,-3.375842786112581706e-02,1.266980901674700892e-02
2.380000000000000000e+02,5.047325048435813187e+03,2.745701960527248531e+01,-3.268996302888904637e-02,1.523376915863911690e-02
2.400000000000000000e+02,5.101924507358452502e+03,2.729972946131956490e+01,-5.787107822830428461e-02,1.130356487643634743e-02
2.420000000000000000e+02,5.156375577943171265e+03,2.722553529235926817e+01,-2.580193564218280500e-02,1.566746101899494856e-02
2.440000000000000000e+02,5.210768621380672812e+03,2.719652171875083368e+01,-3.804677175223680763e-02,1.807877755313800835e-02
2.460000000000000000e+02,5.264915317791373127e+03,2.707334820535032094e+01,-2.657638771990988857e-03,2.032825785535304422e-02
2.480000000000000000e+02,5.319287100118698618e+03,2.718589116366286973e+01,2.344387835956318611e-02,1.891686350680542306e-02
2.500000000000000000e+02,5.373621347556275396e+03,2.716712371878857368e+01,-6.239649363893207124e-03,2.078148638620593708e-02
2.520000000000000000e+02,5.427943212688690437e+03,2.716093256620729690e+01,1.848068201368757713e-02,2.081841676108906955e-02
2.540000000000000000e+02,5.482425305582377405e+03,2.724104644684332399e+01,5.556642991364135753e-02,1.667803092612945778e-02
2.560000000000000000e+02,5.537191702154101222e+03,2.738319828586186233e+01,3.416820397051001379e-02,1.771221302702405062e-02
2.580000000000000000e+02,5.591947140679551921e+03,2.737771926272536405e+01,-1.358766924933342501e+00,1.621474666145491725e-02
2.600000000000000000e+02,5.635843401851809176e+03,2.194813058612849233e+01,-2.411384920418010225e+00,1.380633860139869606e-02
2.620000000000000000e+02,5.671307761013916206e+03,1.773217958105332315e+01,-2.002294390240642485e+00,1.860700604444360390e-02
2.640000000000000000e+02,5.699185667064248264e+03,1.393895302516592238e+01,-1.794545852132451103e+00,1.354963482075109520e-02
2.660000000000000000e+02,5.720293659409295287e+03,1.055399617252351874e+01,-1.614099972944583072e+00,1.540910612615420221e-02
2.680000000000000000e+02,5.735258765676070652e+03,7.482553133387590094e+00,-8.730520422842680262e-02,9.976449396598831981e-03
2.700000000000000000e+02,5.755668316387290361e+03,1.020477535560981153e+01,1.121713117444560481e+00,1.221149979857097563e-02
2.720000000000000000e+02,5.779607127593621954e+03,1.196940560316583202e+01,8.159806286213124871e-01,1.239045933478692685e-02
2.740000000000000000e+02,5.806544523333812322e+03,1.346869787009506148e+01,7.085092520999123344e-01,1.029956241379691509e-02
2.760000000000000000e+02,5.836151408556943352e+03,1.480344261156548136e+01,6.380398823050765778e-01,6.881568374069459669e-03
2.780000000000000000e+02,5.868193123355574244e+03,1.602085739931536779e+01,5.862490379969389487e-01,4.275472796216548202e-03
2.800000000000000000e+02,5.902490000882680761e+03,1.714843876355323715e+01,5.458110985321233954e-01,6.924054397604366765e-03
2.820000000000000000e+02,5.938898204469568554e+03,1.820410179344386137e+01,3.559400237055472260e-01,2.378387548649361222e-03
2.840000000000000000e+02,5.976042602186319527e+03,1.857219885837542606e+01,1.629191586415768001e-02,3.821805843841392328e-03
2.860000000000000000e+02,6.012581141100120476e+03,1.826926945690049209e+01,-3.158420969817266055e-01,3.326022065754083695e-03
2.880000000000000000e+02,6.047198802041017188e+03,1.730883047044851963e+01,-6.417678563951652038e-01,4.901816992578292807e-03
2.900000000000000000e+02,6.078603198103656723e+03,1.570219803131983127e+01,-9.624508966150235878e-01,4.385054433132183974e-03
2.920000000000000000e+02,6.105521251871633467e+03,1.345902688398842528e+01,-1.121585573665702107e+00,3.626298329601162357e-03
2.940000000000000000e+02,6.127952963344947420e+03,1.121585573665702285e+01,-1.121585573665701663e+00,5.823658865775093764e-03
2.960000000000000000e+02,6.145898332523598583e+03,8.972684589325618632e+00,-1.121585573665702107e+00,2.349828963025376444e-03
2.980000000000000000e+02,6.159357359407586955e+03,6.729513441994214418e+00,-1.121585573665702107e+00,1.926795772567621665e-03
3.000000000000000000e+02,6.168330043996912536e+03,4.486342294662810204e+00,-1.009427016299131896e+00,2.312823362247022618e-03
3.020000000000000000e+02,6.173713654750507885e+03,2.691805376797686389e+00,-7.851099015659916969e-01,1.394501466778496094e-03
3.040000000000000000e+02,6.176405460127305560e+03,1.345902688398843416e+00,-5.931894394375167856e-01,2.882816992112353384e-04
3.060000000000000000e+02,6.177043555365400607e+03,3.190476190476190799e-01,-1.769518625759013142e-01,-8.925509894149714863e-04
3.080000000000000000e+02,6.178319745841590702e+03,6.380952380952381597e-01,1.861111111111111716e-01,-9.912052634253568258e-04
3.100000000000000000e+02,6.180446729968574800e+03,1.063492063492063711e+00,2.392857142857142960e-01,-8.467955179722094078e-04
3.120000000000000000e+02,6.183637206159050947e+03,1.595238095238095344e+00,2.658730158730158166e-01,-3.084108606095632352e-03
3.140000000000000000e+02,6.187891174413019144e+03,2.126984126984126977e+00,2.658730158730158166e-01,-2.016410399974624765e-03
3.160000000000000000e+02,6.193208634730479389e+03,2.658730158730158610e+00,2.658730158730159276e-01,-2.324350829793659767e-03
3.180000000000000000e+02,6.199589587111431683e+03,3.190476190476190688e+00,2.658730158730159276e-01,-3.185960589749162533e-03
3.200000000000000000e+02,6.207034031555876027e+03,3.722222222222222321e+00,2.658730158730158166e-01,-2.643815171784532660e-03
3.220000000000000000e+02,6.215541968063812419e+03,4.253968253968253954e+00,2.658730158730160387e-01,-2.176022134752593745e-03
3.240000000000000000e+02,6.225113396635240861e+03,4.785714285714286476e+00,2.658730158730160387e-01,-4.198841148101745309e-03
3.260000000000000000e+02,6.235748317270161351e+03,5.317460317460318109e+00,2.658730158730158166e-01,-4.696512235406067812e-03
3.280000000000000000e+02,6.247446729968573891e+03,5.849206349206349742e+00,2.658730158730158166e-01,-5.641431760397101758e-03
3.300000000000000000e+02,6.260208634730478479e+03,6.380952380952381375e+00,2.658730158730158166e-01,-4.968562118477423337e-03
3.320000000000000000e+02,6.274034031555875117e+03,6.912698412698413009e+00,2.658730158730160387e-01,-5.924815654141254995e-03
3.340000000000000000e+02,6.288922920444763804e+03,7.444444444444445530e+00,2.658730158730158166e-01,-3.924051913487372999e-03
3.360000000000000000e+02,6.304875301397144540e+03,7.976190476190476275e+00,2.658730158730155946e-01,5.076053447696983077e-04
3.380000000000000000e+02,6.321891174413017325e+03,8.507936507936507908e+00,2.658730158730162607e-01,-4.970509668872971458e-03
3.400000000000000000e+02,6.339970539492382159e+03,9.039682539682541318e+00,2.658730158730158166e-01,5.630783220748087226e-04
3.420000000000000000e+02,6.359113396635239042e+03,9.571428571428571175e+00,2.658730158730158166e-01,4.915030327657771494e-03
3.440000000000000000e+02,6.379319745841587974e+03,1.010317460317460458e+01,2.658730158730158166e-01,3.386203601696959140e-03
3.460000000000000000e+02,6.400589587111428955e+03,1.063492063492063444e+01,2.658730158730153725e-01,5.013685052189404204e-03
3.480000000000000000e+02,6.422922920444761985e+03,1.116666666666666607e+01,2.658730158730162607e-01,1.026801189878201459e-02
3.500000000000000000e+02,6.446319745841587064e+03,1.169841269841269948e+01,2.658730158730162607e-01,1.584400580348106768e-02
3.520000000000000000e+02,6.470780063301904192e+03,1.223015873015873112e+01,2.658730158730158166e-01,1.583538668836986449e-02
3.540000000000000000e+02,6.496303872825713370e+03,1.276190476190476275e+01,2.658730158730158166e-01,1.602792067701188511e-02
3.560000000000000000e+02,6.522891174413014596e+03,1.329365079365079438e+01,2.658730158730162607e-01,1.746409026998673245e-02
3.580000000000000000e+02,6.550541968063807872e+03,1.382539682539682779e+01,2.658730158730158166e-01,2.042056819234894585e-02
3.600000000000000000e+02,6.579256253778093196e+03,1.435714285714285765e+01,2.658730158730153725e-01,2.167155735915961973e-02
3.620000000000000000e+02,6.609034031555870570e+03,1.488888888888888928e+01,2.658730158730158166e-01,2.040199592627993386e-02
3.640000000000000000e+02,6.639875301397139992e+03,1.542063492063492092e+01,2.658730158730162607e-01,1.568866313259704645e-02
3.660000000000000000e+02,6.671780063301901464e+03,1.595238095238095433e+01,2.658730158730167048e-01,1.488431604353262008e-02
3.680000000000000000e+02,6.704748317270155894e+03,1.648412698412698774e+01,2.658730158730153725e-01,1.810774430570732951e-02
3.700000000000000000e+02,6.738780063301902373e+03,1.701587301587301582e+01,2.658730158730149284e-01,1.787237279834900591e-02
3.720000000000000000e+02,6.773875301397140902e+03,1.754761904761904745e+01,-6.912698412698414785e-01,1.156230050425277080e-02
3.740000000000000000e+02,6.802376888698728180e+03,1.425079365079364990e+01,-1.455665952131950380e+00,9.788340557229992592e-03
3.760000000000000000e+02,6.825826799176910754e+03,1.172495523909124593e+01,-1.198655370121368247e+00,1.101145905091054783e-02
3.780000000000000000e+02,6.844739143517526827e+03,9.456172170308176916e+00,-1.091266306426815547e+00,9.922059510368307078e-03
3.800000000000000000e+02,6.859458923544294521e+03,7.359890013383983742e+00,-1.015957999050504990e+00,9.257533424522483220e-03
3.820000000000000000e+02,6.870243603892507053e+03,5.392340174106156958e+00,-1.441619006305128181e-03,9.221479059467989001e-03
3.840000000000000000e+02,6.884951850967224345e+03,7.354123537358763230e+00,8.083682934410039156e-01,1.439880286655378407e-03
3.860000000000000000e+02,6.902203477662964360e+03,8.625813347870172620e+00,5.880406121506629447e-01,-3.325306849417198566e-03
3.880000000000000000e+02,6.921616049634887531e+03,9.706285985961415008e+00,5.105908151559748198e-01,-1.029542135902957421e-02
3.900000000000000000e+02,6.942952402851875377e+03,1.066817660849407190e+01,4.598067035012136650e-01,-7.037773551528438143e-03
3.920000000000000000e+02,6.966043428451807813e+03,1.154551279996626967e+01,4.224833667423322225e-01,-2.200662430208600445e-03
3.940000000000000000e+02,6.990759648602734160e+03,1.235811007546340079e+01,3.933415589065525353e-01,-2.597134154284076041e-03
3.960000000000000000e+02,7.016997406673918704e+03,1.311887903559247981e+01,3.696843247986856262e-01,-7.638495581105047899e-04
3.980000000000000000e+02,7.044671101423235086e+03,1.383684737465814329e+01,3.499418704393710833e-01,-2.562340867070980310e-03
4.000000000000000000e+02,7.073708394457935356e+03,1.451864651734996414e+01,3.331205024453232078e-01,-3.529411742160748749e-03
4.020000000000000000e+02,7.104047053226814569e+03,1.516932938443943613e+01,3.185526717341495839e-01,-2.204596564908743554e-03
4.040000000000000000e+02,7.135632767635387609e+03,1.579285720428656248e+01,3.057694059058082559e-01,-5.292390663915080146e-03
4.060000000000000000e+02,7.168417581651512592e+03,1.639240700806266915e+01,2.944294681238623923e-01,-4.563306107157300007e-03
4.080000000000000000e+02,7.202358731805076786e+03,1.697057507678201205e+01,2.842774166920660761e-01,-1.861736792444529170e-03
4.100000000000000000e+02,7.237417765154738845e+03,1.752951667483093345e+01,2.247996819227511267e-01,3.295449546821235202e-03
4.120000000000000000e+02,7.273157312763684786e+03,1.786977380447301655e+01,1.106577840362392706e-01,5.341553113009553724e-03
4.140000000000000000e+02,7.309101608385636609e+03,1.797214781097589054e+01,6.859104908224988861e-02,3.709762967944020638e-03
4.160000000000000000e+02,7.345389884387240272e+03,1.814413800080201611e+01,5.304622551054372082e-02,5.345710058183464168e-03
4.180000000000000000e+02,7.381758549813276659e+03,1.818433271301806542e+01,1.325771292638933119e-02,3.720137204635461450e-03
4.200000000000000000e+02,7.418152887518292118e+03,1.819716885250757343e+01,-1.595072667404551225e-03,5.505914147230318856e-03
4.220000000000000000e+02,7.454508792362988970e+03,1.817795242234844721e+01,3.002294715584419293e-02,2.113205821247673977e-03
4.240000000000000000e+02,7.491143313645250601e+03,1.831726064113095021e+01,7.744082512487970860e-02,-9.937959820053357800e-04
4.260000000000000000e+02,7.528118745090946504e+03,1.848771572284796605e+01,4.674014640244994467e-02,5.627907796076484816e-03
4.280000000000000000e+02,7.565127187544428125e+03,1.850422122674074998e+01,2.802661305139508841e-03,7.118057724968126013e-03
4.300000000000000000e+02,7.602125040280565372e+03,1.849892636806852408e+01,5.069854149665875553e-02,8.490730232793187657e-03
4.320000000000000000e+02,7.639539071066020369e+03,1.870701539272738501e+01,1.129339303297047792e-01,5.450347504948372529e-03
4.340000000000000000e+02,7.677440395244794672e+03,1.895066208938734320e+01,5.795817085637366972e-02,1.035639014950984552e-02
4.360000000000000000e+02,7.715318091397100034e+03,1.893884807615287968e+01,1.558642161100820545e-02,1.731694248847202508e-02
4.380000000000000000e+02,7.753344106948762601e+03,1.901300777583137602e+01,-6.378959920716020804e-03,1.762144802533523180e-02
4.400000000000000000e+02,7.791170771421702739e+03,1.891333223647001560e+01,-4.313220878029611072e-02,1.866971018132835766e-02
4.420000000000000000e+02,7.828851729303122738e+03,1.884047894071019158e+01,-4.355766928436377583e-02,2.052188519710183845e-02
4.440000000000000000e+02,7.866329932421787817e+03,1.873910155933256050e+01,-4.034476111471629878e-02,1.982901354035676231e-02
4.460000000000000000e+02,7.903688132214290818e+03,1.867909989625132638e+01,-1.569674258091779961e-02,1.703217258217678762e-02
4.480000000000000000e+02,7.941040761392308923e+03,1.867631458900888930e+01,1.774475297651445516e-02,1.829123445847215604e-02
4.500000000000000000e+02,7.978540919208623563e+03,1.875007890815738421e+01,3.115211784125726524e-02,1.988865389496121197e-02
4.520000000000000000e+02,8.016142765329371286e+03,1.880092306037391836e+01,4.432937159632466262e-02,2.183843207121139926e-02
4.540000000000000000e+02,8.053997558118456254e+03,1.892739639454268286e+01,-2.707315710987501234e-02,1.701361836531567820e-02
4.560000000000000000e+02,8.091382818982325261e+03,1.869263043193441831e+01,-4.947606602905008089e-02,1.669544429385670312e-02
4.580000000000000000e+02,8.128841803243178219e+03,1.872949213042648253e+01,2.875836448171220638e-02,1.627375429943509269e-02
4.600000000000000000e+02,8.166457131022901194e+03,1.880766388986126714e+01,3.187986465488457100e-03,1.163243650834079254e-02
4.620000000000000000e+02,8.203941619175477172e+03,1.874224407628843636e+01,-7.005418703532395597e-02,1.439680861860575395e-02
4.640000000000000000e+02,8.240996513458916525e+03,1.852744714171997131e+01,2.345331225117242013e-02,1.531586272223831729e-02
4.660000000000000000e+02,8.278668628109502606e+03,1.883605732529312604e+01,2.462181979695277079e-02,1.098614460392989545e-02
4.680000000000000000e+02,8.315920496951317546e+03,1.862593442090778240e+01,-1.318569765471551136e-01,1.203168190023492894e-02
4.700000000000000000e+02,8.352537755789526273e+03,1.830862941910450559e+01,-1.032571782105140556e-01,1.093302307727355566e-02
4.720000000000000000e+02,8.388963567205657455e+03,1.821290570806572617e+01,-3.296575876385610115e-02,9.198376454350069148e-03
4.740000000000000000e+02,8.425317099973755830e+03,1.817676638404908118e+01,-5.420938747310177774e-02,8.130020010160433214e-03
4.760000000000000000e+02,8.461309236290102490e+03,1.799606815817331906e+01,1.314277922822082445e-02,4.651863180784423027e-03
4.780000000000000000e+02,8.497767911292026838e+03,1.822933750096196448e+01,1.166321037155269025e-01,6.300164601933478997e-04
4.800000000000000000e+02,8.534693104438098089e+03,1.846259657303542667e+01,7.209120444664041116e-02,6.272434160758468295e-04
4.820000000000000000e+02,8.571728509075595866e+03,1.851770231874852612e+01,4.194871759925078436e-02,2.215426456403639215e-03
4.840000000000000000e+02,8.608989291962459902e+03,1.863039144343242981e+01,6.061669290831339652e-02,8.090073506437206116e-03
4.860000000000000000e+02,8.646509630143224058e+03,1.876016909038177971e+01,4.128840414084145038e-02,1.059447804283964421e-02
4.880000000000000000e+02,8.684100720263215408e+03,1.879554505999579561e+01,1.940733323102783459e-02,1.049629988606487659e-02
4.900000000000000000e+02,8.721776317109826778e+03,1.883779842330589105e+01,1.902048890077168153e-03,1.397855677181693637e-02
4.920000000000000000e+02,8.759382623620938830e+03,1.880315325555610428e+01,-3.831912585656027659e-02,1.293218316452443908e-02
4.940000000000000000e+02,8.796751667460697718e+03,1.868452191987964994e+01,-3.096329781757933830e-02,1.964022514050963245e-02
4.960000000000000000e+02,8.834110267589268915e+03,1.867930006428578693e+01,-4.376874701708199922e-02,2.371828008422924641e-02
4.980000000000000000e+02,8.871129161452890912e+03,1.850944693181132195e+01,-7.839145753748066880e-02,2.471747509454814626e-02
5.000000000000000000e+02,8.907860629921162399e+03,1.836573423413586426e+01,2.887289005039583856e-02,2.722946083914495538e-02
5.020000000000000000e+02,8.945110506905188231e+03,1.862493849201290530e+01,1.138588881610980152e-01,3.105854487565352234e-02
5.040000000000000000e+02,8.982752846478748324e+03,1.882116978678025632e+01,7.099163725288626381e-02,3.116052711162902236e-02
5.060000000000000000e+02,9.020570656560797943e+03,1.890890504102445036e+01,3.175507476263117468e-02,2.972649640012460862e-02
5.080000000000000000e+02,9.058467036732459746e+03,1.894819008583078102e+01,-1.262872958023830705e-02,2.451625090919605510e-02
5.100000000000000000e+02,9.096183816977867536e+03,1.885839012270349713e+01,-9.373451396452381346e-02,2.741101286650403368e-02
5.120000000000000000e+02,9.133330321037812610e+03,1.857325202997268576e+01,-1.084839639210013473e-01,3.317324456947264716e-02
5.140000000000000000e+02,9.170179229571851465e+03,1.842445426701949174e+01,-9.920179124342798360e-02,3.706330732207003403e-02
5.160000000000000000e+02,9.206532119301849889e+03,1.817644486499897383e+01,-8.232826044039764923e-02,3.561147255109756160e-02
5.180000000000000000e+02,9.242722401752365840e+03,1.809514122525790114e+01,6.332112810564272110e-02,3.898531387447360524e-02
5.200000000000000000e+02,9.279581860507209058e+03,1.842972937742154471e+01,1.138907617545701356e-01,3.650019123232269014e-02
5.220000000000000000e+02,9.316683269051762181e+03,1.855070427227618168e+01,4.413583109124363801e-02,3.309979585380800476e-02
5.240000000000000000e+02,9.353895814455334403e+03,1.860627270178651926e+01,7.971350654241504685e-02,3.263858104261769394e-02
5.260000000000000000e+02,9.391634931052225511e+03,1.886955829844584187e+01,4.790907380912567959e-02,3.245811706872916286e-02
5.280000000000000000e+02,9.429230749046271740e+03,1.879790899702302198e+01,-6.586343967047358916e-02,3.040103492880895375e-02
5.300000000000000000e+02,9.466442958125799123e+03,1.860610453976394751e+01,-5.825141166898006873e-02,2.740282328989269989e-02
5.320000000000000000e+02,9.503572764826492858e+03,1.856490335034710171e+01,-4.064750867053668060e-02,3.170714259918537559e-02
5.340000000000000000e+02,9.540459793836656900e+03,1.844351450508180079e+01,-5.012812792570464637e-02,3.514824052939378995e-02
5.360000000000000000e+02,9.577188575513944670e+03,1.836439083864428312e+01,-5.986635592889211210e-02,3.743754774346507580e-02
5.380000000000000000e+02,9.613596673676676801e+03,1.820404908136623234e+01,-2.093791915263816250e-01,3.669018450324140757e-02
5.400000000000000000e+02,9.648650421821754207e+03,1.752687407253875662e+01,-4.581086670492240387e-01,3.583821190301518522e-02
5.420000000000000000e+02,9.681393650648093171e+03,1.637161441316933619e+01,-6.663091417396365124e-01,3.905188535728743721e-02
5.440000000000000000e+02,9.711116925659252956e+03,1.486163750558021057e+01,-9.082669949537178766e-01,4.109804769122560320e-02
5.460000000000000000e+02,9.736594018525962383e+03,1.273854643335446468e+01,-1.061545536112872057e+00,4.545271165905268723e-02
5.480000000000000000e+02,9.757824929248219632e+03,1.061545536112872234e+01,-1.061545536112872057e+00,4.700824468262770894e-02
5.500000000000000000e+02,9.774809657826024704e+03,8.492364288902976455e+00,-1.061545536112872501e+00,4.201926443135572953e-02
5.520000000000000000e+02,9.787548204259379418e+03,6.369273216677232341e+00,-1.061545536112872057e+00,3.347298752186576853e-02
5.540000000000000000e+02,9.796040568548281954e+03,4.246182144451488227e+00,-9.553909825015848289e-01,3.362898533897647896e-02
5.560000000000000000e+02,9.801135987121624566e+03,2.547709286670893025e+00,-7.430818752790104842e-01,3.543647528319006368e-02
5.580000000000000000e+02,9.803683696408295873e+03,1.273854643335446513e+00,-5.501217661121676761e-01,3.860269881573870354e-02
5.600000000000000000e+02,9.804378140852741126e+03,3.472222222222222654e-01,-1.448525497227504955e-01,4.289344635042283138e-02
5.620000000000000000e+02,9.805767029741629813e+03,6.944444444444445308e-01,2.025462962962962798e-01,4.300583977545241465e-02
5.640000000000000000e+02,9.808081844556445503e+03,1.157407407407407440e+00,2.604166666666666297e-01,4.062270782533740354e-02
5.660000000000000000e+02,9.811554066778668130e+03,1.736111111111111160e+00,2.893518518518518601e-01,4.040688166828385053e-02
5.680000000000000000e+02,9.816183696408297692e+03,2.314814814814814881e+00,2.893518518518518601e-01,4.243999380111436459e-02
5.700000000000000000e+02,9.821970733445334190e+03,2.893518518518518601e+00,2.893518518518518601e-01,4.939687857013686650e-02
5.720000000000000000e+02,9.828915177889779443e+03,3.472222222222222321e+00,2.893518518518519711e-01,5.570978559007492420e-02
5.740000000000000000e+02,9.837017029741631632e+03,4.050925925925926485e+00,2.893518518518518601e-01,5.578876734504587681e-02
5.760000000000000000e+02,9.846276289000890756e+03,4.629629629629629761e+00,2.893518518518516380e-01,5.978241284010550605e-02
5.780000000000000000e+02,9.856692955667556816e+03,5.208333333333333037e+00,2.893518518518518601e-01,6.286019242994426992e-02
5.800000000000000000e+02,9.868267029741631632e+03,5.787037037037037202e+00,2.893518518518520821e-01,6.077058584859892920e-02
5.820000000000000000e+02,9.880998511223113383e+03,6.365740740740741366e+00,2.893518518518518601e-01,6.114091420394343612e-02
5.840000000000000000e+02,9.894887400112002069e+03,6.944444444444444642e+00,2.893518518518518601e-01,5.304510150420441855e-02
5.860000000000000000e+02,9.909933696408297692e+03,7.523148148148148806e+00,2.893518518518516380e-01,5.728100655109771844e-02
5.880000000000000000e+02,9.926137400112002069e+03,8.101851851851851194e+00,2.893518518518516380e-01,5.661103284060432783e-02
5.900000000000000000e+02,9.943498511223113383e+03,8.680555555555555358e+00,2.893518518518520821e-01,5.536463053847506116e-02
5.920000000000000000e+02,9.962017029741631632e+03,9.259259259259259522e+00,2.893518518518520821e-01,6.592813454672936946e-02
5.940000000000000000e+02,9.981692955667556816e+03,9.837962962962963687e+00,2.893518518518520821e-01,6.880868717967916770e-02
5.960000000000000000e+02,1.000252628900089076e+04,1.041666666666666785e+01,2.893518518518516380e-01,6.952869840319514383e-02
5.980000000000000000e+02,1.002451702974163163e+04,1.099537037037037024e+01,2.893518518518516380e-01,7.124189845077984196e-02
6.000000000000000000e+02,1.004766517788977944e+04,1.157407407407407440e+01,2.893518518518520821e-01,7.461259484563563527e-02
6.020000000000000000e+02,1.007197073344533419e+04,1.215277777777777857e+01,2.893518518518516380e-01,7.629497320533297489e-02
6.040000000000000000e+02,1.009743369640829769e+04,1.273148148148148096e+01,-4.340277777777776791e-01,7.560594477488843945e-02
6.060000000000000000e+02,1.011826702974163163e+04,1.041666666666666785e+01,-1.007037808045952332e+00,7.876018763983816395e-02
6.080000000000000000e+02,1.013567369024022628e+04,8.703330249297671628e+00,-8.113329203120798194e-01,7.914174530059799040e-02
6.100000000000000000e+02,1.015001636021106242e+04,7.171334985418348573e+00,-7.379430783541192085e-01,8.630438663649594999e-02
6.120000000000000000e+02,1.016151947608282535e+04,5.751557935881194794e+00,-6.907791377354537410e-01,8.570206214601543138e-02
6.140000000000000000e+02,1.017033591295177757e+04,4.408218434476533609e+00,6.510281158607478247e-02,8.767381124711537410e-02
6.160000000000000000e+02,1.018235985131622874e+04,6.011969182225493924e+00,6.608381329695420803e-01,9.104928437312698186e-02
6.180000000000000000e+02,1.019646299324893880e+04,7.051570966354701930e+00,4.807210567224842190e-01,9.139758760330041198e-02
6.200000000000000000e+02,1.021233270006716884e+04,7.934853409115430800e+00,4.174061300236984184e-01,9.137899410029642899e-02
6.220000000000000000e+02,1.022977509104006822e+04,8.721195486449495604e+00,3.758903038801564289e-01,9.283430860515885785e-02
6.240000000000000000e+02,1.024865192028933961e+04,9.438414624636056516e+00,3.453786121425430622e-01,8.904602863245986155e-02
6.260000000000000000e+02,1.026885734015937851e+04,1.010270993501966785e+01,3.215552904736802553e-01,9.262310443656986136e-02
6.280000000000000000e+02,1.029030661173243971e+04,1.072463578653077754e+01,3.022155878332930534e-01,9.210033476602545732e-02
6.300000000000000000e+02,1.031292975630514593e+04,1.131157228635284007e+01,2.860762033659609571e-01,9.463518003336827966e-02
6.320000000000000000e+02,1.033666763750513564e+04,1.186894059999462137e+01,2.723247963533705907e-01,9.677950617294497904e-02
6.340000000000000000e+02,1.036146938044866874e+04,1.240087147176632243e+01,2.604156478542267728e-01,1.000000000000000056e-01
6.360000000000000000e+02,1.038729058683149196e+04,1.291060319141152846e+01,2.576282840280033071e-01,9.571519397263797413e-02
6.380000000000000000e+02,1.041415335604724896e+04,1.343138460787833566e+01,1.778242767971707217e-01,9.191045813986370439e-02
6.400000000000000000e+02,1.044139715664444884e+04,1.362190029860021134e+01,6.035599155173043684e-02,8.975552545065493271e-02
6.420000000000000000e+02,1.046874277379261912e+04,1.367280857408525740e+01,6.860508463482517527e-02,9.311245830436117032e-02
6.440000000000000000e+02,1.049653541506689726e+04,1.389632063713951204e+01,6.841400438188616207e-02,9.377466468534713384e-02
6.460000000000000000e+02,1.052442834425012370e+04,1.394646459161280205e+01,-3.006098350932706609e-02,9.354726313793348957e-02
6.480000000000000000e+02,1.055198049765632823e+04,1.377607670310220378e+01,1.290812792522544328e-02,9.697879015896100630e-02
6.500000000000000000e+02,1.057997669186295570e+04,1.399809710331370383e+01,1.254521032293474114e-01,9.887577674859072963e-02
6.520000000000000000e+02,1.060853246209499412e+04,1.427788511601959343e+01,3.772688965001558259e-02,9.552302151355857029e-02
6.540000000000000000e+02,1.063683047141882162e+04,1.414900466191376616e+01,-5.452788139116782062e-02,9.485730652561767673e-02
6.560000000000000000e+02,1.066495001859973127e+04,1.405977359045492214e+01,3.290838309939481121e-04,8.772739026629078340e-02
6.580000000000000000e+02,1.069325066059420715e+04,1.415032099723774195e+01,-1.280040620222422376e-02,8.812395743253953473e-02
6.600000000000000000e+02,1.072126780452549974e+04,1.400857196564602525e+01,-1.010578326082338663e-01,9.119516908070846029e-02
6.620000000000000000e+02,1.074875998385910862e+04,1.374608966680480648e+01,-6.093962880893322165e-02,8.919126139360333827e-02
6.640000000000000000e+02,1.077628961075992993e+04,1.376481345041029236e+01,3.554881431648615475e-02,9.339347132245796879e-02
6.660000000000000000e+02,1.080406618060807159e+04,1.388828492407075110e+01,1.220535839502145947e-02,9.293087804669322716e-02
6.680000000000000000e+02,1.083169345037605308e+04,1.381363488399037820e+01,-2.600667435845860354e-03,9.460991883459318741e-02
6.700000000000000000e+02,1.085944921488470754e+04,1.387788225432736766e+01,3.397193613092097664e-02,9.732565321754557686e-02
6.720000000000000000e+02,1.088734826014173632e+04,1.394952262851406211e+01,-3.429331316814998587e-03,9.589273672153153516e-02
6.740000000000000000e+02,1.091507658999985688e+04,1.386416492906010767e+01,-5.372343265787371536e-02,9.453778470038078086e-02
6.760000000000000000e+02,1.094254584779562174e+04,1.373462889788256724e+01,-2.306883321908870244e-02,9.675902654878243414e-02
6.780000000000000000e+02,1.097008962698798859e+04,1.377188959618375286e+01,1.879756809003607643e-02,9.509113097190169395e-02
6.800000000000000000e+02,1.099770926532847443e+04,1.380981917024271155e+01,3.737254425575908812e-02,9.286046810981263278e-02
6.820000000000000000e+02,1.102555202487488714e+04,1.392137977320678921e+01,4.799818711278591721e-02,8.567036133665578701e-02
6.840000000000000000e+02,1.105355564871227398e+04,1.400181191869385522e+01,5.057506074228834692e-02,8.570137777507372268e-02
6.860000000000000000e+02,1.108180300874462591e+04,1.412368001617594260e+01,1.807215267078099430e-02,8.806891666512113581e-02
6.880000000000000000e+02,1.110995120980337924e+04,1.407410052937697920e+01,-1.429610631202615778e-02,8.940040669517107519e-02
6.900000000000000000e+02,1.113808420098523493e+04,1.406649559092783797e+01,-3.210832300314780952e-02,8.927014010742043149e-02
6.920000000000000000e+02,1.116597553545996379e+04,1.394566723736438796e+01,-2.256211195527946245e-02,9.490403723856563611e-02
6.940000000000000000e+02,1.119392802974617734e+04,1.397624714310672012e+01,-3.254564383964497765e-02,9.114573158313858670e-02
6.960000000000000000e+02,1.122155899907018829e+04,1.381548466200580805e+01,5.796326394500450618e-03,8.647937892252000047e-02
6.980000000000000000e+02,1.124955786396755684e+04,1.399943244868472192e+01,1.933653057427964228e-02,8.536201439645542399e-02
7.000000000000000000e+02,1.127734352553616191e+04,1.389283078430292662e+01,-1.917618307729584970e-02,8.328830138095588698e-02
7.020000000000000000e+02,1.130518898096891280e+04,1.392272771637553852e+01,-6.881610139818139515e-03,8.022162950866282283e-02
7.040000000000000000e+02,1.133291958965639969e+04,1.386530434374365406e+01,3.248566972114730333e-02,7.861029500878830012e-02
7.060000000000000000e+02,1.136102493044691983e+04,1.405267039526012773e+01,4.684151287911797468e-02,7.960407058409010861e-02
7.080000000000000000e+02,1.138913027123743996e+04,1.405267039526012596e+01,-2.837120107690216386e-02,8.078344071016778372e-02
7.100000000000000000e+02,1.141700864241934505e+04,1.393918559095251908e+01,-1.478014960561946367e-02,8.041477944489544560e-02
7.120000000000000000e+02,1.144499574201301948e+04,1.399354979683764810e+01,-3.398861448702827914e-03,8.068296050470162573e-02
7.140000000000000000e+02,1.147284692230333530e+04,1.392559014515770777e+01,-5.069629608217374184e-02,8.633178691888969414e-02
7.160000000000000000e+02,1.150042845152835253e+04,1.379076461250895314e+01,-7.378458315836633474e-02,8.504240670695475957e-02
7.180000000000000000e+02,1.152768935515340127e+04,1.363045181252424243e+01,-1.401170623496650336e-03,9.238854976223642712e-02
7.200000000000000000e+02,1.155525967501343075e+04,1.378515993001496653e+01,6.033447943142267178e-02,9.552169012368452727e-02
7.220000000000000000e+02,1.158300325447393152e+04,1.387178973024993311e+01,-1.067476254396027002e-02,9.550730061142535809e-02
7.240000000000000000e+02,1.161048817623360992e+04,1.374246087983912545e+01,-4.432725828189054695e-02,9.246949656677222462e-02
7.260000000000000000e+02,1.163787713762785461e+04,1.369448069712237093e+01,-7.180125968874007114e-02,9.566358377869160767e-02
7.280000000000000000e+02,1.166478764931002297e+04,1.345525584108416517e+01,-3.915872665940378639e-02,9.585935398484893288e-02
7.300000000000000000e+02,1.169186334089099182e+04,1.353784579048475578e+01,-5.275947460561303259e-02,9.243215400290208383e-02
7.320000000000000000e+02,1.171835177677631509e+04,1.324421794266171304e+01,1.378816572638275062e-02,9.544587222558065243e-02
7.340000000000000000e+02,1.174553777368309602e+04,1.359299845339028678e+01,1.417887803969888338e-01,9.729938299362826670e-02
7.360000000000000000e+02,1.177316051981159580e+04,1.381137306424966837e+01,1.458604294943750546e-01,9.876952952958736875e-02
7.380000000000000000e+02,1.180151340015433198e+04,1.417644017136778700e+01,4.519094962366310142e-02,9.027719253770012664e-02
7.400000000000000000e+02,1.182949767387982138e+04,1.399213686274432078e+01,-1.508715295586160465e-03,8.491407886152990692e-02
7.420000000000000000e+02,1.185783848450019286e+04,1.417040531018544236e+01,3.172698757257252922e-02,8.785133073671451409e-02
7.440000000000000000e+02,1.188607657412626213e+04,1.411904481303461090e+01,-5.383167280749878714e-02,8.144551444978408161e-02
7.460000000000000000e+02,1.191398673136417347e+04,1.395507861895544721e+01,-4.504865716851247370e-02,7.830710517838405937e-02
7.480000000000000000e+02,1.194186443173289445e+04,1.393885018436056100e+01,2.152689373833860387e-02,8.535224726740300860e-02
7.500000000000000000e+02,1.196994680412071284e+04,1.404118619390880163e+01,3.484686284255378297e-02,8.204069287294860069e-02
7.520000000000000000e+02,1.199810327939217495e+04,1.407823763573077613e+01,1.505775309068146939e-02,8.386556863209036761e-02
7.540000000000000000e+02,1.202630611380471782e+04,1.410141720627152750e+01,1.239540227694035934e-02,7.997906107902701123e-02
7.560000000000000000e+02,1.205456175229439577e+04,1.412781924483853757e+01,1.532745854656081264e-02,7.982060503145400887e-02
7.580000000000000000e+02,1.208288720637531151e+04,1.416272704045777076e+01,6.714949228362243616e-03,7.666452981818128176e-02
7.600000000000000000e+02,1.211119656445881628e+04,1.415467904175198655e+01,-2.846512440119353116e-02,7.860651105152929863e-02
7.620000000000000000e+02,1.213929429754452212e+04,1.404886654285299663e+01,-3.365459688662841842e-02,7.534874728530531474e-02
7.640000000000000000e+02,1.216733441885293360e+04,1.402006065420547287e+01,-1.140868601715583353e-02,7.728890205613447861e-02
7.660000000000000000e+02,1.219534088245050225e+04,1.400323179878437330e+01,-3.445339280501391599e-02,7.598215278947946516e-02
7.680000000000000000e+02,1.222310537661647322e+04,1.388224708298541721e+01,-4.285295751298434652e-04,7.695880417806769125e-02
7.700000000000000000e+02,1.225110841197744048e+04,1.400151768048385392e+01,7.121839352448988691e-02,7.368490115821967057e-02
7.720000000000000000e+02,1.227944265329160771e+04,1.416712065708337676e+01,4.112852347934659036e-02,7.133176946529255769e-02
7.740000000000000000e+02,1.230777471684040938e+04,1.416603177440124028e+01,-6.908406346038868939e-01,6.840014919747093580e-02
7.760000000000000000e+02,1.233058223307774460e+04,1.140375811866782918e+01,-1.183428083816555620e+00,7.395770462002525247e-02
7.780000000000000000e+02,1.234944687195601546e+04,9.432319439135017802e+00,-9.311151791975842418e-01,7.681367964954996519e-02
7.800000000000000000e+02,1.236480546675976984e+04,7.679297401877492213e+00,-8.054181004938936184e-01,7.747170021526407491e-02
7.820000000000000000e+02,1.237722676083408805e+04,6.210647037159443329e+00,-6.775842916340233391e-01,7.531482032982481090e-02
7.840000000000000000e+02,1.238716468130477006e+04,4.968960235341398857e+00,1.415167533343559825e-01,7.247197553998971364e-02
7.860000000000000000e+02,1.240071810940576324e+04,6.776714050496867259e+00,7.448992044135935853e-01,6.949632890952159303e-02
7.880000000000000000e+02,1.241661522351175518e+04,7.948557052995773198e+00,5.418705653203348405e-01,6.384395678981100164e-02
7.900000000000000000e+02,1.243450361613531095e+04,8.944196311778206621e+00,4.705017441636354381e-01,6.858550593081175206e-02
7.920000000000000000e+02,1.245416474419461156e+04,9.830564029650314950e+00,4.237049503316381305e-01,6.503404097581098886e-02
7.940000000000000000e+02,1.247544277642082125e+04,1.063901611310475914e+01,3.893120577808861782e-01,6.699571453922441300e-02
7.960000000000000000e+02,1.249821840094236904e+04,1.138781226077385966e+01,3.624583208788072497e-01,6.575898059382478955e-02
7.980000000000000000e+02,1.252239609973560982e+04,1.208884939661998814e+01,3.406585360424139175e-01,7.129933448288973408e-02
8.000000000000000000e+02,1.254789699254549669e+04,1.275044640494351533e+01,3.224661617685242732e-01,7.772158044547101963e-02
8.020000000000000000e+02,1.257465442063288538e+04,1.337871404369408523e+01,3.069655245743354577e-01,7.804788411152713268e-02
8.040000000000000000e+02,1.260261103763936626e+04,1.397830850324085716e+01,2.935414880369879853e-01,7.900785501930424060e-02
8.060000000000000000e+02,1.263171679763105021e+04,1.455287999584203718e+01,2.817619011548684327e-01,7.435694307345146192e-02
8.080000000000000000e+02,1.266192750984677150e+04,1.510535610786033089e+01,2.713123193239019848e-01,7.259031608045857231e-02
8.100000000000000000e+02,1.269320376839304663e+04,1.563812927313764511e+01,2.629381646516524285e-01,6.893869795968869674e-02
8.120000000000000000e+02,1.272551798592598061e+04,1.615710876646694061e+01,2.081365578113483217e-01,6.934074165018751235e-02
8.140000000000000000e+02,1.275845933693474581e+04,1.647067550438303840e+01,1.252466693258220687e-01,7.639560377504386879e-02
8.160000000000000000e+02,1.279177552782228668e+04,1.665809544377022888e+01,1.031377287918857633e-01,7.150779101849973063e-02
8.180000000000000000e+02,1.282554198066138815e+04,1.688322641955058145e+01,5.503168084026377471e-02,6.687019766377559626e-02
8.200000000000000000e+02,1.285929842499564984e+04,1.687822216713128398e+01,-9.485396548526203730e-03,7.127350778390018071e-02
8.220000000000000000e+02,1.289298899466236253e+04,1.684528483335647664e+01,-2.577424138717177016e-02,6.926529086023464066e-02
8.240000000000000000e+02,1.292653924506552721e+04,1.677512520158259690e+01,-3.683034739910695521e-02,7.091120906115259970e-02
8.260000000000000000e+02,1.295993517195304776e+04,1.669796344376004882e+01,-6.147806950932821479e-02,6.689471598221981286e-02
8.280000000000000000e+02,1.299299359780013765e+04,1.652921292354528404e+01,-7.494788755733239327e-02,6.583228992702529203e-02
8.300000000000000000e+02,1.302578994158719979e+04,1.639817189353071925e+01,-4.367792704230755163e-02,6.927861848275541912e-02
8.320000000000000000e+02,1.305849894401795245e+04,1.635450121537605384e+01,1.766525194840884438e-02,6.607794347923687250e-02
8.340000000000000000e+02,1.309143660982060101e+04,1.646883290132435462e+01,8.236375058674916261e-02,6.158196115884344984e-02
8.360000000000000000e+02,1.312480452225604677e+04,1.668395621772305049e+01,6.706161418291323173e-02,6.862661296746565276e-02
8.380000000000000000e+02,1.315827868097215833e+04,1.673707935805600755e+01,2.201411067819236678e-02,6.918976210995055054e-02
8.400000000000000000e+02,1.319182270629302911e+04,1.677201266043581995e+01,-6.096768461654633597e-03,6.755265836053769846e-02
8.420000000000000000e+02,1.322524809086144705e+04,1.671269228420938902e+01,-4.427044352109188452e-02,6.595267630284724902e-02
8.440000000000000000e+02,1.325843795263415086e+04,1.659493088635145241e+01,-5.980269013803507505e-02,6.729635597374364342e-02
8.460000000000000000e+02,1.329138491568146492e+04,1.647348152365724872e+01,-3.788274603604158131e-02,6.529879776763376775e-02
8.480000000000000000e+02,1.332427171548588012e+04,1.644339990220728609e+01,-1.126111101539617465e-02,6.484014318777141239e-02
8.500000000000000000e+02,1.335712858964507177e+04,1.642843707959566402e+01,1.839506037871885269e-02,6.612810313446278176e-02
8.520000000000000000e+02,1.339016254993251641e+04,1.651698014372216150e+01,5.643504465927673408e-02,6.866293752099934811e-02
8.540000000000000000e+02,1.342347090444898276e+04,1.665417725823277095e+01,1.086676473819103705e-03,6.784346981447070268e-02
8.560000000000000000e+02,1.345651355814821727e+04,1.652132684961743792e+01,-8.272574604678339938e-03,7.133188210243041061e-02
8.580000000000000000e+02,1.348975573206784611e+04,1.662108695981405759e+01,6.373886360652480931e-02,7.019240757503968087e-02
8.600000000000000000e+02,1.352330829667593389e+04,1.677628230404353715e+01,5.095167941336242734e-02,7.969678930846380016e-02
8.620000000000000000e+02,1.355695808403086812e+04,1.682489367746750730e+01,2.259850099887295016e-02,8.329723168762787067e-02
8.640000000000000000e+02,1.359069143664694639e+04,1.686667630803902895e+01,5.816725201215167118e-02,8.534275603924972031e-02
8.660000000000000000e+02,1.362480656201797865e+04,1.705756268551611399e+01,5.445242664149407830e-02,8.781968165602833942e-02
8.680000000000000000e+02,1.365897553404718929e+04,1.708448601460500527e+01,-2.565688608503613466e-02,8.534837336512780814e-02
8.700000000000000000e+02,1.369288540432954142e+04,1.695493514117596945e+01,-6.714089905465847608e-02,8.774894442439708231e-02
8.720000000000000000e+02,1.372651724916631429e+04,1.681592241838637136e+01,-8.911436657761928615e-02,8.188179189004290981e-02
8.740000000000000000e+02,1.375971420451604536e+04,1.659847767486549230e+01,-5.239886109255298408e-02,7.627812832422581346e-02
8.760000000000000000e+02,1.379292685846407767e+04,1.660632697401615943e+01,-3.451532089396103231e-02,7.557576937674426176e-02
8.780000000000000000e+02,1.382584769124665763e+04,1.646041639128964817e+01,5.768315024254455636e-03,7.421524991976027885e-02
8.800000000000000000e+02,1.385910649171488330e+04,1.662940023411317725e+01,4.605578470459370521e-02,7.379058203526929482e-02
8.820000000000000000e+02,1.389239577077509966e+04,1.664463953010802300e+01,7.219404757272762652e-02,7.052947385031593797e-02
8.840000000000000000e+02,1.392623212362390768e+04,1.691817642440408775e+01,2.968938700094714278e-02,7.371023628734950373e-02
8.860000000000000000e+02,1.395975891778013101e+04,1.676339707811181157e+01,-4.972729941301512468e-02,7.214520584577861773e-02
8.880000000000000000e+02,1.399319745223363498e+04,1.671926722675202726e+01,-1.418101042538353340e-01,7.129937726468076054e-02
8.900000000000000000e+02,1.402558976555582740e+04,1.619615666109647023e+01,-3.266947196071949833e-01,7.380781047225190572e-02
8.920000000000000000e+02,1.405641474225247475e+04,1.541248834832324732e+01,-5.292715259490421431e-01,6.761913998448165763e-02
8.940000000000000000e+02,1.408457288336707461e+04,1.407907055730030166e+01,-6.935230323226022620e-01,7.466218581197146820e-02
8.960000000000000000e+02,1.410984967580514058e+04,1.263839621903283827e+01,-8.115398781037521658e-01,7.080548591969053340e-02
8.980000000000000000e+02,1.413151549789491037e+04,1.083291104488529299e+01,-9.027425870737735281e-01,7.088194050132584634e-02
9.000000000000000000e+02,1.414957034963638580e+04,9.027425870737744162e+00,-9.027425870737744162e-01,7.143615863513534670e-02
9.020000000000000000e+02,1.416401423102956687e+04,7.221940696590195330e+00,-9.027425870737741942e-01,7.148621173168891174e-02
9.040000000000000000e+02,1.417484714207445177e+04,5.416455522442647386e+00,-9.027425870737744162e-01,7.338947045405366798e-02
9.060000000000000000e+02,1.418206908277104230e+04,3.610970348295097665e+00,-8.124683283663971523e-01,7.476608665335603143e-02
9.080000000000000000e+02,1.418640224718899663e+04,2.166582208977058777e+00,-6.319198109516420692e-01,7.247018925850094717e-02
9.100000000000000000e+02,1.418856882939797288e+04,1.083291104488529388e+00,-4.451543241740892887e-01,7.080428081901718462e-02
9.120000000000000000e+02,1.418934075922253396e+04,3.859649122807017330e-01,-7.784031998178148060e-02,6.667435729861558025e-02
9.140000000000000000e+02,1.419088461887165613e+04,7.719298245614034659e-01,2.251461988304093442e-01,6.787666208367310050e-02
9.160000000000000000e+02,1.419345771828686156e+04,1.286549707602339110e+00,2.894736842105263275e-01,6.947352496290000456e-02
9.180000000000000000e+02,1.419731736740966880e+04,1.929824561403508776e+00,3.216374269005848885e-01,6.195867902068138977e-02
9.200000000000000000e+02,1.420246356624007785e+04,2.573099415204678664e+00,3.216374269005847775e-01,6.400368445556593733e-02
9.220000000000000000e+02,1.420889631477808871e+04,3.216374269005847886e+00,3.216374269005847220e-01,6.565344195917847958e-02
9.240000000000000000e+02,1.421661561302370319e+04,3.859649122807017552e+00,3.216374269005848330e-01,6.369699648855384200e-02
9.260000000000000000e+02,1.422562146097691948e+04,4.502923976608187218e+00,3.216374269005847220e-01,5.912945141438752383e-02
9.280000000000000000e+02,1.423591385863773758e+04,5.146198830409356439e+00,3.216374269005848330e-01,5.420476324416010488e-02
9.300000000000000000e+02,1.424749280600615930e+04,5.789473684210526550e+00,3.216374269005848330e-01,5.224719294582246681e-02
9.320000000000000000e+02,1.426035830308218283e+04,6.432748538011695771e+00,3.216374269005848330e-01,5.184095463632731882e-02
9.340000000000000000e+02,1.427451034986580817e+04,7.076023391812865881e+00,3.216374269005846109e-01,4.943377041634272606e-02
9.360000000000000000e+02,1.428994894635703713e+04,7.719298245614034215e+00,3.216374269005846109e-01,5.176167493344917964e-02
9.380000000000000000e+02,1.430667409255586790e+04,8.362573099415204325e+00,3.216374269005850550e-01,5.337241352037213477e-02
9.400000000000000000e+02,1.432468578846230048e+04,9.005847953216374435e+00,3.216374269005850550e-01,5.656859638307498717e-02
9.420000000000000000e+02,1.434398403407633486e+04,9.649122807017544545e+00,3.216374269005846109e-01,5.777783227712210423e-02
9.440000000000000000e+02,1.436456882939797288e+04,1.029239766081871288e+01,3.216374269005846109e-01,5.162043346409030120e-02
9.460000000000000000e+02,1.438644017442721270e+04,1.093567251461988299e+01,-3.216374269005846109e-01,5.240312580912405427e-02
9.480000000000000000e+02,1.440445187033364527e+04,9.005847953216374435e+00,-8.392878129907699325e-01,5.290701025248113754e-02
9.500000000000000000e+02,1.441960891285895923e+04,7.578521262656803259e+00,-6.804690712391525675e-01,5.131534609312191075e-02
9.520000000000000000e+02,1.443217685619547956e+04,6.283971668259764165e+00,-6.292875697703381732e-01,5.019699963915132124e-02
9.540000000000000000e+02,1.444229959816262999e+04,5.061370983575450566e+00,-6.011848614801038604e-01,4.684843302855310615e-02
9.560000000000000000e+02,1.445005806260730787e+04,3.879232222339348723e+00,5.729047419574584410e-02,4.820905627441780805e-02
9.580000000000000000e+02,1.446063912836802410e+04,5.290532880358433943e+00,5.815375570131970928e-01,4.351439733764522061e-02
9.600000000000000000e+02,1.447304989326880786e+04,6.205382450392137095e+00,4.230345299157860506e-01,3.619966545777899419e-02
9.620000000000000000e+02,1.448701523526885103e+04,6.982671000021578145e+00,3.673173944208547592e-01,3.446034513819822703e-02
9.640000000000000000e+02,1.450236453932500262e+04,7.674652028075556132e+00,3.307834674145377907e-01,3.669716595276809046e-02
9.660000000000000000e+02,1.451897614906436138e+04,8.305804869679729308e+00,3.039331786854377881e-01,3.216395707396090681e-02
9.680000000000000000e+02,1.453675691854999604e+04,8.890384742817307284e+00,2.829686556168384826e-01,3.506180019241564305e-02
9.700000000000000000e+02,1.455563227753429055e+04,9.437679492147083238e+00,2.659497172932976383e-01,2.866365732635983710e-02
9.720000000000000000e+02,1.457554064475827181e+04,9.954183611990497837e+00,2.517470589620454113e-01,3.181270013356247289e-02
9.740000000000000000e+02,1.459642998021426320e+04,1.044466772799526488e+01,2.396458207909661908e-01,3.146544278058591854e-02
9.760000000000000000e+02,1.461825551400457152e+04,1.091276689515436260e+01,2.291657701117193469e-01,3.188589621198475998e-02
9.780000000000000000e+02,1.464097817562145610e+04,1.136133080844214227e+01,2.304833547466991206e-01,3.141806173438040778e-02
9.800000000000000000e+02,1.466464757624973754e+04,1.183470031414115908e+01,1.797571590176794132e-01,3.101300158787170455e-02
9.820000000000000000e+02,1.468880829513876415e+04,1.208035944451285992e+01,1.192196691950537790e-01,3.013394281868439495e-02
9.840000000000000000e+02,1.471343145312060733e+04,1.231157899092137420e+01,5.224899285571371621e-02,3.393715920307139450e-02
9.860000000000000000e+02,1.473801016395247825e+04,1.228935541593571479e+01,-4.010373273073808420e-02,3.840837634131630957e-02
9.880000000000000000e+02,1.476231249207247492e+04,1.215116405999842186e+01,-6.278528854216869348e-02,4.051106881614874311e-02
9.900000000000000000e+02,1.478638892059600948e+04,1.203821426176704001e+01,-4.084670889720420917e-03,3.544172068162605715e-02
9.920000000000000000e+02,1.481065857134888938e+04,1.213482537643954018e+01,-7.707657129627509818e-03,3.618571052543508720e-02
9.940000000000000000e+02,1.483467333861538646e+04,1.200738363324852997e+01,-9.053524053737938004e-03,3.471207436594270224e-02
9.960000000000000000e+02,1.485887056117583597e+04,1.209861128022458843e+01,1.733735837652039535e-02,3.735737531588392141e-02
9.980000000000000000e+02,1.488302402730934591e+04,1.207673306675461156e+01,-3.779317330831899469e-02,3.685602907228264363e-02
1.000000000000000000e+03,1.490691890448332924e+04,1.194743858699131245e+01,-3.685431790156767917e-02,3.780957853105545996e-02
1.002000000000000000e+03,1.493077753607362683e+04,1.192931579514834084e+01,-1.128960471986006908e-02,4.285894601330741266e-02
1.004000000000000000e+03,1.495458209640985115e+04,1.190228016811187217e+01,2.256327953320180768e-02,4.348458907394395223e-02
1.006000000000000000e+03,1.497862123423641424e+04,1.201956891328114807e+01,9.989513419969187069e-02,4.372572025179715521e-02
1.008000000000000000e+03,1.500322495564623568e+04,1.230186070491063965e+01,1.018430601555206927e-01,4.134784435279446196e-02
1.010000000000000000e+03,1.502807883795404268e+04,1.242694115390323084e+01,1.018921662513339044e-02,4.099100940172632074e-02
1.012000000000000000e+03,1.505276407309686510e+04,1.234261757141117322e+01,3.248674373373239277e-02,3.755452740635836090e-02
1.014000000000000000e+03,1.507787784935454147e+04,1.255688812883816041e+01,3.305313698190603944e-02,3.684005624570334952e-02
1.016000000000000000e+03,1.510282750959321856e+04,1.247483011933879737e+01,-9.647317387743115091e-02,3.096639041757272628e-02
1.018000000000000000e+03,1.512716950045987505e+04,1.217099543332843581e+01,-6.603312331666533197e-02,2.930017057736277949e-02
1.020000000000000000e+03,1.515159089571201912e+04,1.221069762607213605e+01,2.953605637672129802e-02,2.600504949528194623e-02
1.022000000000000000e+03,1.517616917502969045e+04,1.228913965883532100e+01,1.961050819079623864e-02,2.696878749875765424e-02
1.024000000000000000e+03,1.520074745434736178e+04,1.228913965883532100e+01,-7.698334851653942934e-03,2.637366879072854109e-02
1.026000000000000000e+03,1.522526414698621920e+04,1.225834631942870523e+01,5.278572360526823104e-02,2.398671729096113828e-02
1.028000000000000000e+03,1.525026471209273222e+04,1.250028255325639392e+01,2.923842643750607095e-02,2.445167097103225634e-02
1.030000000000000000e+03,1.527501531214309034e+04,1.237530002517872951e+01,-5.934603752327261006e-02,2.406142941417139733e-02
1.032000000000000000e+03,1.529954110894941732e+04,1.226289840316330348e+01,-9.940477226561750257e-02,2.650955041624867420e-02
1.034000000000000000e+03,1.532349647082165029e+04,1.197768093611625950e+01,-5.138543029271191998e-02,2.356058658031763911e-02
1.036000000000000000e+03,1.534761118418563456e+04,1.205735668199245580e+01,1.842768664582949967e-02,2.866226172121018670e-02
1.038000000000000000e+03,1.537171396755103342e+04,1.205139168269957750e+01,-1.378533950529003960e-04,3.498020875973993637e-02
1.040000000000000000e+03,1.539582757808785755e+04,1.205680526841224420e+01,-8.145050165709655232e-03,3.419456848054220482e-02
1.042000000000000000e+03,1.541986520105193085e+04,1.201881148203673888e+01,2.918245986584810936e-02,3.492516523335988804e-02
1.044000000000000000e+03,1.544421227126768281e+04,1.217353510787563664e+01,9.265984417789141503e-03,3.536885411586893763e-02
1.046000000000000000e+03,1.546832402210709915e+04,1.205587541970789545e+01,-2.698262318375244107e-02,3.640758213025912376e-02
1.048000000000000000e+03,1.549245523133738061e+04,1.206560461514062688e+01,3.418350614270160293e-02,3.643165837826177478e-02
1.050000000000000000e+03,1.551684045022593818e+04,1.219260944427870186e+01,1.466027664144808895e-02,3.830344826179016282e-02
1.052000000000000000e+03,1.554108894166935170e+04,1.212424572170641923e+01,-4.335792446373076814e-02,4.078978701005395863e-02
1.054000000000000000e+03,1.556512729716219837e+04,1.201917774642377879e+01,-3.585575427370946144e-02,3.974759115772261847e-02
1.056000000000000000e+03,1.558908894257142128e+04,1.198082270461158139e+01,4.944803557656030080e-03,3.528016730408869289e-02
1.058000000000000000e+03,1.561316685649272949e+04,1.203895696065440291e+01,-1.440670696370505155e-02,3.023694008107249628e-02
1.060000000000000000e+03,1.563701324824624317e+04,1.192319587675676118e+01,-1.935878385140998859e-02,3.400956327185894468e-02
1.062000000000000000e+03,1.566093629189673993e+04,1.196152182524876295e+01,6.847194124569755402e-02,3.273010977869265231e-02
1.064000000000000000e+03,1.568533045918021890e+04,1.219708364173955140e+01,4.820802502043131099e-02,3.513357553955889084e-02
1.066000000000000000e+03,1.570963916703088034e+04,1.215435392533048820e+01,-2.733085305714277879e-02,4.106232441148508633e-02
1.068000000000000000e+03,1.573381468748990301e+04,1.208776022951098028e+01,-6.848395533145534841e-03,4.116879216080838316e-02
1.070000000000000000e+03,1.575806860817629968e+04,1.212696034319790606e+01,6.209713570941266525e-02,3.901153465679362692e-02
1.072000000000000000e+03,1.578274090572099703e+04,1.233614877234863094e+01,2.291529795884494902e-02,3.867474208577537098e-02
1.074000000000000000e+03,1.580717814879106299e+04,1.221862153503328585e+01,3.149552025973045843e-02,4.191917293425508756e-02
1.076000000000000000e+03,1.583210241049783872e+04,1.246213085338755278e+01,7.215877705180062662e-05,4.277539329771087168e-02
1.078000000000000000e+03,1.585654023083812172e+04,1.221891017014149305e+01,-4.389305579620828013e-02,4.314495012799965390e-02
1.080000000000000000e+03,1.588111334809852633e+04,1.228655863020271966e+01,-3.153910585345398587e-02,4.494839010003651159e-02
1.082000000000000000e+03,1.590529885559198192e+04,1.209275374672767711e+01,-5.781407008797367908e-02,4.184912465594839426e-02
1.084000000000000000e+03,1.592940946029168299e+04,1.205530234985082494e+01,-6.197010709692429842e-02,4.126302174323331212e-02
1.086000000000000000e+03,1.595309920692836386e+04,1.184487331833997992e+01,2.046742360633402313e-03,4.106314201320362262e-02
1.088000000000000000e+03,1.597722618556695124e+04,1.206348931929335855e+01,1.177859584020168882e-02,3.705625692981730918e-02
1.090000000000000000e+03,1.600101016097035244e+04,1.189198770170078667e+01,-2.889506452780699064e-02,3.890769054537421973e-02
1.092000000000000000e+03,1.602490597909271673e+04,1.194790906118213059e+01,1.131344123093303011e-02,4.310569915575282463e-02
1.094000000000000000e+03,1.604878046202596488e+04,1.193724146662451879e+01,-7.064882860361443306e-04,3.999104849907372805e-02
1.096000000000000000e+03,1.607267062824204004e+04,1.194508310803798601e+01,7.065990873291294605e-03,3.980805910637891937e-02
1.098000000000000000e+03,1.609660163910227493e+04,1.196550543011768397e+01,2.336302057819539257e-02,3.703998166771840794e-02
1.100000000000000000e+03,1.612067870948297605e+04,1.203853519035076758e+01,6.104530568544630498e-02,3.668399155289713692e-02
1.102000000000000000e+03,1.614509808278869423e+04,1.220968665285946919e+01,5.427169752687932558e-02,3.908587027154857008e-02
1.104000000000000000e+03,1.616960932674961077e+04,1.225562198045828488e+01,6.393740157402350022e-02,4.190888524040642382e-02
1.106000000000000000e+03,1.619454019926792171e+04,1.246543625915556319e+01,7.014758368244100595e-02,3.939932641447194822e-02
1.108000000000000000e+03,1.621961262389829790e+04,1.253621231518804890e+01,1.933807899011430464e-02,4.171522219254858443e-02
1.110000000000000000e+03,1.624469820104852988e+04,1.254278857511602041e+01,-4.518006732760770916e-02,4.208410136425240478e-02
1.112000000000000000e+03,1.626940918514028454e+04,1.235549204587761807e+01,-5.028802001888799111e-02,4.202384852045548680e-02
1.114000000000000000e+03,1.629409245813036614e+04,1.234163649504046845e+01,-5.654826949120561608e-03,4.582270803637328305e-02
1.116000000000000000e+03,1.631875820360652870e+04,1.233287273808113582e+01,-4.865566890276973311e-02,5.090988015621888269e-02
1.118000000000000000e+03,1.634305223124538679e+04,1.214701381942938951e+01,-4.640423077510202887e-02,5.330173202960075685e-02
1.120000000000000000e+03,1.636734674287534835e+04,1.214725581498072771e+01,4.688463119743513374e-02,5.806837945718615335e-02
1.122000000000000000e+03,1.639201584756378725e+04,1.233455234421913005e+01,3.972603654173312293e-02,5.767416087813093117e-02
1.124000000000000000e+03,1.641662816748608384e+04,1.230615996114766020e+01,-5.207718594363974773e-02,5.594269318363022381e-02
1.126000000000000000e+03,1.644088065468697459e+04,1.212624360044457106e+01,-2.374658490992409554e-02,5.444527463827203428e-02
1.128000000000000000e+03,1.646530300192999130e+04,1.221117362150796382e+01,3.522340876222651573e-02,4.909849579596772817e-02
1.130000000000000000e+03,1.648983727640098004e+04,1.226713723549347712e+01,-8.100052964241655218e-03,4.866401762034890111e-02
1.132000000000000000e+03,1.651419482322028125e+04,1.217877340965099719e+01,-1.276962058231090325e-02,4.429461209506162928e-02
1.134000000000000000e+03,1.653862694072660815e+04,1.221605875316423351e+01,1.406738245831240519e-02,3.778234970387167602e-02
1.136000000000000000e+03,1.656309702660557741e+04,1.223504293948424682e+01,-6.848941421737642088e-02,3.518917897016933527e-02
1.138000000000000000e+03,1.658698122879816583e+04,1.194210109629472782e+01,-8.706312983126140992e-02,3.256917612885208702e-02
1.140000000000000000e+03,1.661075480963848531e+04,1.188679042015920118e+01,-6.334033792399287321e-01,3.518664271511403457e-02
1.142000000000000000e+03,1.662957178479715367e+04,9.408487579335012896e+00,-1.072285793585078029e+00,3.978802540291302703e-02
1.144000000000000000e+03,1.664476707928879114e+04,7.597647245818889061e+00,-8.288065400783604098e-01,4.400883316645781002e-02
1.146000000000000000e+03,1.665695360212683590e+04,6.093261419021571257e+00,-6.459982409215543342e-01,4.049512048517677626e-02
1.148000000000000000e+03,1.666698091069110160e+04,5.013654282132671725e+00,-5.535072991705556333e-01,4.222080703031624860e-02
1.150000000000000000e+03,1.667473937513578130e+04,3.879232222339348723e+00,6.921964955644055451e-02,4.055248170151669329e-02
1.152000000000000000e+03,1.668532044089649935e+04,5.290532880358433943e+00,5.815375570131970928e-01,3.817427494099141089e-02
1.154000000000000000e+03,1.669773120579728493e+04,6.205382450392137095e+00,4.230345299157860506e-01,3.773530323151730315e-02
1.156000000000000000e+03,1.671169654779732809e+04,6.982671000021578145e+00,3.673173944208547592e-01,3.902101915504474494e-02
1.158000000000000000e+03,1.672704585185347969e+04,7.674652028075556132e+00,3.307834674145377907e-01,3.897393426055514865e-02
1.160000000000000000e+03,1.674365746159284026e+04,8.305804869679729308e+00,3.039331786854377881e-01,3.824167934351338505e-02
1.162000000000000000e+03,1.676143823107847493e+04,8.890384742817307284e+00,2.829686556168384826e-01,3.416832453930848668e-02
1.164000000000000000e+03,1.678031359006276762e+04,9.437679492147083238e+00,2.659497172932976383e-01,3.639592055105528301e-02
1.166000000000000000e+03,1.680022195728674706e+04,9.954183611990497837e+00,2.517470589620454113e-01,3.653233984062204120e-02
1.168000000000000000e+03,1.682111129274273844e+04,1.044466772799526488e+01,2.396458207909661908e-01,3.455003573843930947e-02
1.170000000000000000e+03,1.684293682653304859e+04,1.091276689515436260e+01,2.291657701117193469e-01,3.619187532194539925e-02
1.172000000000000000e+03,1.686565948814993317e+04,1.136133080844214227e+01,1.741346405236954276e-01,4.136966105753273060e-02
1.174000000000000000e+03,1.688887809906442999e+04,1.160930545724914431e+01,3.568189209616923208e-02,4.421203725345750762e-02
1.176000000000000000e+03,1.691188621581808184e+04,1.150405837682681920e+01,-1.399779570251706851e-01,4.215574574672225489e-02
1.178000000000000000e+03,1.693398500307637732e+04,1.104939362914846157e+01,-3.138436416167174059e-01,3.917007425328216524e-02
1.180000000000000000e+03,1.695448237069709648e+04,1.024868381035994958e+01,-4.861119255617598611e-01,3.443046210513561051e-02
1.182000000000000000e+03,1.697269226255089961e+04,9.104945926901422126e+00,-5.388496355007825755e-01,3.807492648042936495e-02
1.184000000000000000e+03,1.698887883308761229e+04,8.093285268356819273e+00,-5.058303292723012046e-01,4.268783527084696328e-02
1.186000000000000000e+03,1.700304208230723816e+04,7.081624609812217308e+00,-5.058303292723009825e-01,3.735295293084503476e-02
1.188000000000000000e+03,1.701518201020977358e+04,6.069963951267615343e+00,-5.058303292723012046e-01,3.890758691489858839e-02
1.190000000000000000e+03,1.702529861679521855e+04,5.058303292723012490e+00,-5.058303292723014266e-01,3.823043160491131770e-02
1.192000000000000000e+03,1.703339190206357671e+04,4.046642634178409637e+00,-5.058303292723012046e-01,2.984890513058295961e-02
1.194000000000000000e+03,1.703946186601484442e+04,3.034981975633807671e+00,-5.058303292723009825e-01,3.237556146089447945e-02
1.196000000000000000e+03,1.704350850864902168e+04,2.023321317089205706e+00,-5.058303292723012046e-01,3.358301068776239212e-02
1.198000000000000000e+03,1.704553182996611213e+04,1.011660658544602853e+00,-5.058303292723014266e-01,2.915670101969417699e-02
1.200000000000000000e+03,1.704553182996611213e+04,0.000000000000000000e+00,-5.058303292723014266e-01,2.403698468070871591e-02
